inputName,address,city,state,zipCode,cardType,creditCardNumber,creditCardMonth,creditCardYear,nameOnCard
testname1,testaddress1,testcity1,teststate1,12345,visa,123456789,1,2017,testname1
testname2,testaddress2,testcity2,teststate2,12346,mastercard,123456790,2,2017,testname2
testname3,testaddress3,testcity3,teststate3,12347,visa,123456791,3,2017,testname3
testname4,testaddress4,testcity4,teststate4,12348,mastercard,123456792,4,2017,testname4
testname5,testaddress5,testcity5,teststate5,12349,visa,123456793,5,2017,testname5
testname6,testaddress6,testcity6,teststate6,12350,mastercard,123456794,6,2017,testname6
testname7,testaddress7,testcity7,teststate7,12351,visa,123456795,7,2017,testname7
testname8,testaddress8,testcity8,teststate8,12352,mastercard,123456796,8,2017,testname8
testname9,testaddress9,testcity9,teststate9,12353,visa,123456797,9,2017,testname9
testname10,testaddress10,testcity10,teststate10,12354,mastercard,123456798,10,2017,testname10
testname11,testaddress11,testcity11,teststate11,12355,visa,123456799,1,2017,testname11
testname12,testaddress12,testcity12,teststate12,12356,mastercard,123456800,2,2017,testname12
testname13,testaddress13,testcity13,teststate13,12357,visa,123456801,3,2017,testname13
testname14,testaddress14,testcity14,teststate14,12358,mastercard,123456802,4,2017,testname14
testname15,testaddress15,testcity15,teststate15,12359,visa,123456803,5,2017,testname15
testname16,testaddress16,testcity16,teststate16,12360,mastercard,123456804,6,2017,testname16
testname17,testaddress17,testcity17,teststate17,12361,visa,123456805,7,2017,testname17
testname18,testaddress18,testcity18,teststate18,12362,mastercard,123456806,8,2017,testname18
testname19,testaddress19,testcity19,teststate19,12363,visa,123456807,9,2017,testname19
testname20,testaddress20,testcity20,teststate20,12364,mastercard,123456808,10,2017,testname20
testname21,testaddress21,testcity21,teststate21,12365,visa,123456809,1,2017,testname21
testname22,testaddress22,testcity22,teststate22,12366,mastercard,123456810,2,2017,testname22
testname23,testaddress23,testcity23,teststate23,12367,visa,123456811,3,2017,testname23
testname24,testaddress24,testcity24,teststate24,12368,mastercard,123456812,4,2017,testname24
testname25,testaddress25,testcity25,teststate25,12369,visa,123456813,5,2017,testname25
testname26,testaddress26,testcity26,teststate26,12370,mastercard,123456814,6,2017,testname26
testname27,testaddress27,testcity27,teststate27,12371,visa,123456815,7,2017,testname27
testname28,testaddress28,testcity28,teststate28,12372,visa,123456816,11,2017,testname28
testname29,testaddress29,testcity29,teststate29,12373,mastercard,123456817,12,2017,testname29
testname30,testaddress30,testcity30,teststate30,12374,visa,123456818,1,2017,testname30
testname31,testaddress31,testcity31,teststate31,12375,mastercard,123456819,2,2017,testname31
testname32,testaddress32,testcity32,teststate32,12376,visa,123456820,3,2017,testname32
testname33,testaddress33,testcity33,teststate33,12377,mastercard,123456821,4,2017,testname33
testname34,testaddress34,testcity34,teststate34,12378,visa,123456822,5,2017,testname34
testname35,testaddress35,testcity35,teststate35,12379,mastercard,123456823,6,2017,testname35
testname36,testaddress36,testcity36,teststate36,12380,visa,123456824,7,2017,testname36
testname37,testaddress37,testcity37,teststate37,12381,mastercard,123456825,8,2017,testname37
testname38,testaddress38,testcity38,teststate38,12382,visa,123456826,9,2017,testname38
testname39,testaddress39,testcity39,teststate39,12383,mastercard,123456827,10,2017,testname39
testname40,testaddress40,testcity40,teststate40,12384,visa,123456828,1,2017,testname40
testname41,testaddress41,testcity41,teststate41,12385,mastercard,123456829,2,2017,testname41
testname42,testaddress42,testcity42,teststate42,12386,visa,123456830,3,2017,testname42
testname43,testaddress43,testcity43,teststate43,12387,mastercard,123456831,4,2017,testname43
testname44,testaddress44,testcity44,teststate44,12388,visa,123456832,5,2017,testname44
testname45,testaddress45,testcity45,teststate45,12389,mastercard,123456833,6,2017,testname45
testname46,testaddress46,testcity46,teststate46,12390,visa,123456834,7,2017,testname46
testname47,testaddress47,testcity47,teststate47,12391,mastercard,123456835,8,2017,testname47
testname48,testaddress48,testcity48,teststate48,12392,visa,123456836,9,2017,testname48
testname49,testaddress49,testcity49,teststate49,12393,mastercard,123456837,10,2017,testname49
testname50,testaddress50,testcity50,teststate50,12394,visa,123456838,1,2017,testname50
testname51,testaddress51,testcity51,teststate51,12395,mastercard,123456839,2,2017,testname51
testname52,testaddress52,testcity52,teststate52,12396,visa,123456840,3,2017,testname52
testname53,testaddress53,testcity53,teststate53,12397,mastercard,123456841,4,2017,testname53
testname54,testaddress54,testcity54,teststate54,12398,visa,123456842,5,2017,testname54
testname55,testaddress55,testcity55,teststate55,12399,visa,123456843,6,2017,testname55
testname56,testaddress56,testcity56,teststate56,12400,mastercard,123456844,7,2017,testname56
testname57,testaddress57,testcity57,teststate57,12401,visa,123456845,11,2017,testname57
testname58,testaddress58,testcity58,teststate58,12402,mastercard,123456846,12,2017,testname58
testname59,testaddress59,testcity59,teststate59,12403,visa,123456847,1,2017,testname59
testname60,testaddress60,testcity60,teststate60,12404,mastercard,123456848,2,2017,testname60
testname61,testaddress61,testcity61,teststate61,12405,visa,123456849,3,2017,testname61
testname62,testaddress62,testcity62,teststate62,12406,mastercard,123456850,4,2017,testname62
testname63,testaddress63,testcity63,teststate63,12407,visa,123456851,5,2017,testname63
testname64,testaddress64,testcity64,teststate64,12408,mastercard,123456852,6,2017,testname64
testname65,testaddress65,testcity65,teststate65,12409,visa,123456853,7,2017,testname65
testname66,testaddress66,testcity66,teststate66,12410,mastercard,123456854,8,2017,testname66
testname67,testaddress67,testcity67,teststate67,12411,visa,123456855,9,2017,testname67
testname68,testaddress68,testcity68,teststate68,12412,mastercard,123456856,10,2017,testname68
testname69,testaddress69,testcity69,teststate69,12413,visa,123456857,1,2017,testname69
testname70,testaddress70,testcity70,teststate70,12414,mastercard,123456858,2,2017,testname70
testname71,testaddress71,testcity71,teststate71,12415,visa,123456859,3,2017,testname71
testname72,testaddress72,testcity72,teststate72,12416,mastercard,123456860,4,2017,testname72
testname73,testaddress73,testcity73,teststate73,12417,visa,123456861,5,2017,testname73
testname74,testaddress74,testcity74,teststate74,12418,mastercard,123456862,6,2017,testname74
testname75,testaddress75,testcity75,teststate75,12419,visa,123456863,7,2017,testname75
testname76,testaddress76,testcity76,teststate76,12420,mastercard,123456864,8,2017,testname76
testname77,testaddress77,testcity77,teststate77,12421,visa,123456865,9,2017,testname77
testname78,testaddress78,testcity78,teststate78,12422,mastercard,123456866,10,2017,testname78
testname79,testaddress79,testcity79,teststate79,12423,visa,123456867,1,2017,testname79
testname80,testaddress80,testcity80,teststate80,12424,mastercard,123456868,2,2017,testname80
testname81,testaddress81,testcity81,teststate81,12425,visa,123456869,3,2017,testname81
testname82,testaddress82,testcity82,teststate82,12426,visa,123456870,4,2017,testname82
testname83,testaddress83,testcity83,teststate83,12427,mastercard,123456871,5,2017,testname83
testname84,testaddress84,testcity84,teststate84,12428,visa,123456872,6,2017,testname84
testname85,testaddress85,testcity85,teststate85,12429,mastercard,123456873,7,2017,testname85
testname86,testaddress86,testcity86,teststate86,12430,visa,123456874,11,2017,testname86
testname87,testaddress87,testcity87,teststate87,12431,mastercard,123456875,12,2017,testname87
testname88,testaddress88,testcity88,teststate88,12432,visa,123456876,1,2017,testname88
testname89,testaddress89,testcity89,teststate89,12433,mastercard,123456877,2,2017,testname89
testname90,testaddress90,testcity90,teststate90,12434,visa,123456878,3,2017,testname90
testname91,testaddress91,testcity91,teststate91,12435,mastercard,123456879,4,2017,testname91
testname92,testaddress92,testcity92,teststate92,12436,visa,123456880,5,2017,testname92
testname93,testaddress93,testcity93,teststate93,12437,mastercard,123456881,6,2017,testname93
testname94,testaddress94,testcity94,teststate94,12438,visa,123456882,7,2017,testname94
testname95,testaddress95,testcity95,teststate95,12439,mastercard,123456883,8,2017,testname95
testname96,testaddress96,testcity96,teststate96,12440,visa,123456884,9,2017,testname96
testname97,testaddress97,testcity97,teststate97,12441,mastercard,123456885,10,2017,testname97
testname98,testaddress98,testcity98,teststate98,12442,visa,123456886,1,2017,testname98
testname99,testaddress99,testcity99,teststate99,12443,mastercard,123456887,2,2017,testname99
testname100,testaddress100,testcity100,teststate100,12444,visa,123456888,3,2017,testname100
testname101,testaddress101,testcity101,teststate101,12445,mastercard,123456889,4,2017,testname101
testname102,testaddress102,testcity102,teststate102,12446,visa,123456890,5,2017,testname102
testname103,testaddress103,testcity103,teststate103,12447,mastercard,123456891,6,2017,testname103
testname104,testaddress104,testcity104,teststate104,12448,visa,123456892,7,2017,testname104
testname105,testaddress105,testcity105,teststate105,12449,mastercard,123456893,8,2017,testname105
testname106,testaddress106,testcity106,teststate106,12450,visa,123456894,9,2017,testname106
testname107,testaddress107,testcity107,teststate107,12451,mastercard,123456895,10,2017,testname107
testname108,testaddress108,testcity108,teststate108,12452,visa,123456896,1,2017,testname108
testname109,testaddress109,testcity109,teststate109,12453,visa,123456897,2,2017,testname109
testname110,testaddress110,testcity110,teststate110,12454,mastercard,123456898,3,2017,testname110
testname111,testaddress111,testcity111,teststate111,12455,visa,123456899,4,2017,testname111
testname112,testaddress112,testcity112,teststate112,12456,mastercard,123456900,5,2017,testname112
testname113,testaddress113,testcity113,teststate113,12457,visa,123456901,6,2017,testname113
testname114,testaddress114,testcity114,teststate114,12458,mastercard,123456902,7,2017,testname114
testname115,testaddress115,testcity115,teststate115,12459,visa,123456903,11,2017,testname115
testname116,testaddress116,testcity116,teststate116,12460,mastercard,123456904,12,2017,testname116
testname117,testaddress117,testcity117,teststate117,12461,visa,123456905,1,2017,testname117
testname118,testaddress118,testcity118,teststate118,12462,mastercard,123456906,2,2017,testname118
testname119,testaddress119,testcity119,teststate119,12463,visa,123456907,3,2017,testname119
testname120,testaddress120,testcity120,teststate120,12464,mastercard,123456908,4,2017,testname120
testname121,testaddress121,testcity121,teststate121,12465,visa,123456909,5,2017,testname121
testname122,testaddress122,testcity122,teststate122,12466,mastercard,123456910,6,2017,testname122
testname123,testaddress123,testcity123,teststate123,12467,visa,123456911,7,2017,testname123
testname124,testaddress124,testcity124,teststate124,12468,mastercard,123456912,8,2017,testname124
testname125,testaddress125,testcity125,teststate125,12469,visa,123456913,9,2017,testname125
testname126,testaddress126,testcity126,teststate126,12470,mastercard,123456914,10,2017,testname126
testname127,testaddress127,testcity127,teststate127,12471,visa,123456915,1,2017,testname127
testname128,testaddress128,testcity128,teststate128,12472,mastercard,123456916,2,2017,testname128
testname129,testaddress129,testcity129,teststate129,12473,visa,123456917,3,2017,testname129
testname130,testaddress130,testcity130,teststate130,12474,mastercard,123456918,4,2017,testname130
testname131,testaddress131,testcity131,teststate131,12475,visa,123456919,5,2017,testname131
testname132,testaddress132,testcity132,teststate132,12476,mastercard,123456920,6,2017,testname132
testname133,testaddress133,testcity133,teststate133,12477,visa,123456921,7,2017,testname133
testname134,testaddress134,testcity134,teststate134,12478,mastercard,123456922,8,2017,testname134
testname135,testaddress135,testcity135,teststate135,12479,visa,123456923,9,2017,testname135
testname136,testaddress136,testcity136,teststate136,12480,visa,123456924,10,2017,testname136
testname137,testaddress137,testcity137,teststate137,12481,mastercard,123456925,1,2017,testname137
testname138,testaddress138,testcity138,teststate138,12482,visa,123456926,2,2017,testname138
testname139,testaddress139,testcity139,teststate139,12483,mastercard,123456927,3,2017,testname139
testname140,testaddress140,testcity140,teststate140,12484,visa,123456928,4,2017,testname140
testname141,testaddress141,testcity141,teststate141,12485,mastercard,123456929,5,2017,testname141
testname142,testaddress142,testcity142,teststate142,12486,visa,123456930,6,2017,testname142
testname143,testaddress143,testcity143,teststate143,12487,mastercard,123456931,7,2017,testname143
testname144,testaddress144,testcity144,teststate144,12488,visa,123456932,11,2017,testname144
testname145,testaddress145,testcity145,teststate145,12489,mastercard,123456933,12,2017,testname145
testname146,testaddress146,testcity146,teststate146,12490,visa,123456934,1,2017,testname146
testname147,testaddress147,testcity147,teststate147,12491,mastercard,123456935,2,2017,testname147
testname148,testaddress148,testcity148,teststate148,12492,visa,123456936,3,2017,testname148
testname149,testaddress149,testcity149,teststate149,12493,mastercard,123456937,4,2017,testname149
testname150,testaddress150,testcity150,teststate150,12494,visa,123456938,5,2017,testname150
testname151,testaddress151,testcity151,teststate151,12495,mastercard,123456939,6,2017,testname151
testname152,testaddress152,testcity152,teststate152,12496,visa,123456940,7,2017,testname152
testname153,testaddress153,testcity153,teststate153,12497,mastercard,123456941,8,2017,testname153
testname154,testaddress154,testcity154,teststate154,12498,visa,123456942,9,2017,testname154
testname155,testaddress155,testcity155,teststate155,12499,mastercard,123456943,10,2017,testname155
testname156,testaddress156,testcity156,teststate156,12500,visa,123456944,1,2017,testname156
testname157,testaddress157,testcity157,teststate157,12501,mastercard,123456945,2,2017,testname157
testname158,testaddress158,testcity158,teststate158,12502,visa,123456946,3,2017,testname158
testname159,testaddress159,testcity159,teststate159,12503,mastercard,123456947,4,2017,testname159
testname160,testaddress160,testcity160,teststate160,12504,visa,123456948,5,2017,testname160
testname161,testaddress161,testcity161,teststate161,12505,mastercard,123456949,6,2017,testname161
testname162,testaddress162,testcity162,teststate162,12506,visa,123456950,7,2017,testname162
testname163,testaddress163,testcity163,teststate163,12507,visa,123456951,8,2017,testname163
testname164,testaddress164,testcity164,teststate164,12508,mastercard,123456952,9,2017,testname164
testname165,testaddress165,testcity165,teststate165,12509,visa,123456953,10,2017,testname165
testname166,testaddress166,testcity166,teststate166,12510,mastercard,123456954,1,2017,testname166
testname167,testaddress167,testcity167,teststate167,12511,visa,123456955,2,2017,testname167
testname168,testaddress168,testcity168,teststate168,12512,mastercard,123456956,3,2017,testname168
testname169,testaddress169,testcity169,teststate169,12513,visa,123456957,4,2017,testname169
testname170,testaddress170,testcity170,teststate170,12514,mastercard,123456958,5,2017,testname170
testname171,testaddress171,testcity171,teststate171,12515,visa,123456959,6,2017,testname171
testname172,testaddress172,testcity172,teststate172,12516,mastercard,123456960,7,2017,testname172
testname173,testaddress173,testcity173,teststate173,12517,visa,123456961,11,2017,testname173
testname174,testaddress174,testcity174,teststate174,12518,mastercard,123456962,12,2017,testname174
testname175,testaddress175,testcity175,teststate175,12519,visa,123456963,1,2017,testname175
testname176,testaddress176,testcity176,teststate176,12520,mastercard,123456964,2,2017,testname176
testname177,testaddress177,testcity177,teststate177,12521,visa,123456965,3,2017,testname177
testname178,testaddress178,testcity178,teststate178,12522,mastercard,123456966,4,2017,testname178
testname179,testaddress179,testcity179,teststate179,12523,visa,123456967,5,2017,testname179
testname180,testaddress180,testcity180,teststate180,12524,mastercard,123456968,6,2017,testname180
testname181,testaddress181,testcity181,teststate181,12525,visa,123456969,7,2017,testname181
testname182,testaddress182,testcity182,teststate182,12526,mastercard,123456970,8,2017,testname182
testname183,testaddress183,testcity183,teststate183,12527,visa,123456971,9,2017,testname183
testname184,testaddress184,testcity184,teststate184,12528,mastercard,123456972,10,2017,testname184
testname185,testaddress185,testcity185,teststate185,12529,visa,123456973,1,2017,testname185
testname186,testaddress186,testcity186,teststate186,12530,mastercard,123456974,2,2017,testname186
testname187,testaddress187,testcity187,teststate187,12531,visa,123456975,3,2017,testname187
testname188,testaddress188,testcity188,teststate188,12532,mastercard,123456976,4,2017,testname188
testname189,testaddress189,testcity189,teststate189,12533,visa,123456977,5,2017,testname189
testname190,testaddress190,testcity190,teststate190,12534,visa,123456978,6,2017,testname190
testname191,testaddress191,testcity191,teststate191,12535,mastercard,123456979,7,2017,testname191
testname192,testaddress192,testcity192,teststate192,12536,visa,123456980,8,2017,testname192
testname193,testaddress193,testcity193,teststate193,12537,mastercard,123456981,9,2017,testname193
testname194,testaddress194,testcity194,teststate194,12538,visa,123456982,10,2017,testname194
testname195,testaddress195,testcity195,teststate195,12539,mastercard,123456983,1,2017,testname195
testname196,testaddress196,testcity196,teststate196,12540,visa,123456984,2,2017,testname196
testname197,testaddress197,testcity197,teststate197,12541,mastercard,123456985,3,2017,testname197
testname198,testaddress198,testcity198,teststate198,12542,visa,123456986,4,2017,testname198
testname199,testaddress199,testcity199,teststate199,12543,mastercard,123456987,5,2017,testname199
testname200,testaddress200,testcity200,teststate200,12544,visa,123456988,6,2017,testname200
testname201,testaddress201,testcity201,teststate201,12545,mastercard,123456989,7,2017,testname201
testname202,testaddress202,testcity202,teststate202,12546,visa,123456990,11,2017,testname202
testname203,testaddress203,testcity203,teststate203,12547,mastercard,123456991,12,2017,testname203
testname204,testaddress204,testcity204,teststate204,12548,visa,123456992,1,2017,testname204
testname205,testaddress205,testcity205,teststate205,12549,mastercard,123456993,2,2017,testname205
testname206,testaddress206,testcity206,teststate206,12550,visa,123456994,3,2017,testname206
testname207,testaddress207,testcity207,teststate207,12551,mastercard,123456995,4,2017,testname207
testname208,testaddress208,testcity208,teststate208,12552,visa,123456996,5,2017,testname208
testname209,testaddress209,testcity209,teststate209,12553,mastercard,123456997,6,2017,testname209
testname210,testaddress210,testcity210,teststate210,12554,visa,123456998,7,2017,testname210
testname211,testaddress211,testcity211,teststate211,12555,mastercard,123456999,8,2017,testname211
testname212,testaddress212,testcity212,teststate212,12556,visa,123457000,9,2017,testname212
testname213,testaddress213,testcity213,teststate213,12557,mastercard,123457001,10,2017,testname213
testname214,testaddress214,testcity214,teststate214,12558,visa,123457002,1,2017,testname214
testname215,testaddress215,testcity215,teststate215,12559,mastercard,123457003,2,2017,testname215
testname216,testaddress216,testcity216,teststate216,12560,visa,123457004,3,2017,testname216
testname217,testaddress217,testcity217,teststate217,12561,visa,123457005,4,2017,testname217
testname218,testaddress218,testcity218,teststate218,12562,mastercard,123457006,5,2017,testname218
testname219,testaddress219,testcity219,teststate219,12563,visa,123457007,6,2017,testname219
testname220,testaddress220,testcity220,teststate220,12564,mastercard,123457008,7,2017,testname220
testname221,testaddress221,testcity221,teststate221,12565,visa,123457009,8,2017,testname221
testname222,testaddress222,testcity222,teststate222,12566,mastercard,123457010,9,2017,testname222
testname223,testaddress223,testcity223,teststate223,12567,visa,123457011,10,2017,testname223
testname224,testaddress224,testcity224,teststate224,12568,mastercard,123457012,1,2017,testname224
testname225,testaddress225,testcity225,teststate225,12569,visa,123457013,2,2017,testname225
testname226,testaddress226,testcity226,teststate226,12570,mastercard,123457014,3,2017,testname226
testname227,testaddress227,testcity227,teststate227,12571,visa,123457015,4,2017,testname227
testname228,testaddress228,testcity228,teststate228,12572,mastercard,123457016,5,2017,testname228
testname229,testaddress229,testcity229,teststate229,12573,visa,123457017,6,2017,testname229
testname230,testaddress230,testcity230,teststate230,12574,mastercard,123457018,7,2017,testname230
testname231,testaddress231,testcity231,teststate231,12575,visa,123457019,11,2017,testname231
testname232,testaddress232,testcity232,teststate232,12576,mastercard,123457020,12,2017,testname232
testname233,testaddress233,testcity233,teststate233,12577,visa,123457021,1,2017,testname233
testname234,testaddress234,testcity234,teststate234,12578,mastercard,123457022,2,2017,testname234
testname235,testaddress235,testcity235,teststate235,12579,visa,123457023,3,2017,testname235
testname236,testaddress236,testcity236,teststate236,12580,mastercard,123457024,4,2017,testname236
testname237,testaddress237,testcity237,teststate237,12581,visa,123457025,5,2017,testname237
testname238,testaddress238,testcity238,teststate238,12582,mastercard,123457026,6,2017,testname238
testname239,testaddress239,testcity239,teststate239,12583,visa,123457027,7,2017,testname239
testname240,testaddress240,testcity240,teststate240,12584,mastercard,123457028,8,2017,testname240
testname241,testaddress241,testcity241,teststate241,12585,visa,123457029,9,2017,testname241
testname242,testaddress242,testcity242,teststate242,12586,mastercard,123457030,10,2017,testname242
testname243,testaddress243,testcity243,teststate243,12587,visa,123457031,1,2017,testname243
testname244,testaddress244,testcity244,teststate244,12588,visa,123457032,2,2017,testname244
testname245,testaddress245,testcity245,teststate245,12589,mastercard,123457033,3,2017,testname245
testname246,testaddress246,testcity246,teststate246,12590,visa,123457034,4,2017,testname246
testname247,testaddress247,testcity247,teststate247,12591,mastercard,123457035,5,2017,testname247
testname248,testaddress248,testcity248,teststate248,12592,visa,123457036,6,2017,testname248
testname249,testaddress249,testcity249,teststate249,12593,mastercard,123457037,7,2017,testname249
testname250,testaddress250,testcity250,teststate250,12594,visa,123457038,8,2017,testname250
testname251,testaddress251,testcity251,teststate251,12595,mastercard,123457039,9,2017,testname251
testname252,testaddress252,testcity252,teststate252,12596,visa,123457040,10,2017,testname252
testname253,testaddress253,testcity253,teststate253,12597,mastercard,123457041,1,2017,testname253
testname254,testaddress254,testcity254,teststate254,12598,visa,123457042,2,2017,testname254
testname255,testaddress255,testcity255,teststate255,12599,mastercard,123457043,3,2017,testname255
testname256,testaddress256,testcity256,teststate256,12600,visa,123457044,4,2017,testname256
testname257,testaddress257,testcity257,teststate257,12601,mastercard,123457045,5,2017,testname257
testname258,testaddress258,testcity258,teststate258,12602,visa,123457046,6,2017,testname258
testname259,testaddress259,testcity259,teststate259,12603,mastercard,123457047,7,2017,testname259
testname260,testaddress260,testcity260,teststate260,12604,visa,123457048,11,2017,testname260
testname261,testaddress261,testcity261,teststate261,12605,mastercard,123457049,12,2017,testname261
testname262,testaddress262,testcity262,teststate262,12606,visa,123457050,1,2017,testname262
testname263,testaddress263,testcity263,teststate263,12607,mastercard,123457051,2,2017,testname263
testname264,testaddress264,testcity264,teststate264,12608,visa,123457052,3,2017,testname264
testname265,testaddress265,testcity265,teststate265,12609,mastercard,123457053,4,2017,testname265
testname266,testaddress266,testcity266,teststate266,12610,visa,123457054,5,2017,testname266
testname267,testaddress267,testcity267,teststate267,12611,mastercard,123457055,6,2017,testname267
testname268,testaddress268,testcity268,teststate268,12612,visa,123457056,7,2017,testname268
testname269,testaddress269,testcity269,teststate269,12613,mastercard,123457057,8,2017,testname269
testname270,testaddress270,testcity270,teststate270,12614,visa,123457058,9,2017,testname270
testname271,testaddress271,testcity271,teststate271,12615,visa,123457059,10,2017,testname271
testname272,testaddress272,testcity272,teststate272,12616,mastercard,123457060,1,2017,testname272
testname273,testaddress273,testcity273,teststate273,12617,visa,123457061,2,2017,testname273
testname274,testaddress274,testcity274,teststate274,12618,mastercard,123457062,3,2017,testname274
testname275,testaddress275,testcity275,teststate275,12619,visa,123457063,4,2017,testname275
testname276,testaddress276,testcity276,teststate276,12620,mastercard,123457064,5,2017,testname276
testname277,testaddress277,testcity277,teststate277,12621,visa,123457065,6,2017,testname277
testname278,testaddress278,testcity278,teststate278,12622,mastercard,123457066,7,2017,testname278
testname279,testaddress279,testcity279,teststate279,12623,visa,123457067,8,2017,testname279
testname280,testaddress280,testcity280,teststate280,12624,mastercard,123457068,9,2017,testname280
testname281,testaddress281,testcity281,teststate281,12625,visa,123457069,10,2017,testname281
testname282,testaddress282,testcity282,teststate282,12626,mastercard,123457070,1,2017,testname282
testname283,testaddress283,testcity283,teststate283,12627,visa,123457071,2,2017,testname283
testname284,testaddress284,testcity284,teststate284,12628,mastercard,123457072,3,2017,testname284
testname285,testaddress285,testcity285,teststate285,12629,visa,123457073,4,2017,testname285
testname286,testaddress286,testcity286,teststate286,12630,mastercard,123457074,5,2017,testname286
testname287,testaddress287,testcity287,teststate287,12631,visa,123457075,6,2017,testname287
testname288,testaddress288,testcity288,teststate288,12632,mastercard,123457076,7,2017,testname288
testname289,testaddress289,testcity289,teststate289,12633,visa,123457077,11,2017,testname289
testname290,testaddress290,testcity290,teststate290,12634,mastercard,123457078,12,2017,testname290
testname291,testaddress291,testcity291,teststate291,12635,visa,123457079,1,2017,testname291
testname292,testaddress292,testcity292,teststate292,12636,mastercard,123457080,2,2017,testname292
testname293,testaddress293,testcity293,teststate293,12637,visa,123457081,3,2017,testname293
testname294,testaddress294,testcity294,teststate294,12638,mastercard,123457082,4,2017,testname294
testname295,testaddress295,testcity295,teststate295,12639,visa,123457083,5,2017,testname295
testname296,testaddress296,testcity296,teststate296,12640,mastercard,123457084,6,2017,testname296
testname297,testaddress297,testcity297,teststate297,12641,visa,123457085,7,2017,testname297
testname298,testaddress298,testcity298,teststate298,12642,visa,123457086,8,2017,testname298
testname299,testaddress299,testcity299,teststate299,12643,mastercard,123457087,9,2017,testname299
testname300,testaddress300,testcity300,teststate300,12644,visa,123457088,10,2017,testname300
testname301,testaddress301,testcity301,teststate301,12645,mastercard,123457089,1,2017,testname301
testname302,testaddress302,testcity302,teststate302,12646,visa,123457090,2,2017,testname302
testname303,testaddress303,testcity303,teststate303,12647,mastercard,123457091,3,2017,testname303
testname304,testaddress304,testcity304,teststate304,12648,visa,123457092,4,2017,testname304
testname305,testaddress305,testcity305,teststate305,12649,mastercard,123457093,5,2017,testname305
testname306,testaddress306,testcity306,teststate306,12650,visa,123457094,6,2017,testname306
testname307,testaddress307,testcity307,teststate307,12651,mastercard,123457095,7,2017,testname307
testname308,testaddress308,testcity308,teststate308,12652,visa,123457096,8,2017,testname308
testname309,testaddress309,testcity309,teststate309,12653,mastercard,123457097,9,2017,testname309
testname310,testaddress310,testcity310,teststate310,12654,visa,123457098,10,2017,testname310
testname311,testaddress311,testcity311,teststate311,12655,mastercard,123457099,1,2017,testname311
testname312,testaddress312,testcity312,teststate312,12656,visa,123457100,2,2017,testname312
testname313,testaddress313,testcity313,teststate313,12657,mastercard,123457101,3,2017,testname313
testname314,testaddress314,testcity314,teststate314,12658,visa,123457102,4,2017,testname314
testname315,testaddress315,testcity315,teststate315,12659,mastercard,123457103,5,2017,testname315
testname316,testaddress316,testcity316,teststate316,12660,visa,123457104,6,2017,testname316
testname317,testaddress317,testcity317,teststate317,12661,mastercard,123457105,7,2017,testname317
testname318,testaddress318,testcity318,teststate318,12662,visa,123457106,11,2017,testname318
testname319,testaddress319,testcity319,teststate319,12663,mastercard,123457107,12,2017,testname319
testname320,testaddress320,testcity320,teststate320,12664,visa,123457108,1,2017,testname320
testname321,testaddress321,testcity321,teststate321,12665,mastercard,123457109,2,2017,testname321
testname322,testaddress322,testcity322,teststate322,12666,visa,123457110,3,2017,testname322
testname323,testaddress323,testcity323,teststate323,12667,mastercard,123457111,4,2017,testname323
testname324,testaddress324,testcity324,teststate324,12668,visa,123457112,5,2017,testname324
testname325,testaddress325,testcity325,teststate325,12669,visa,123457113,6,2017,testname325
testname326,testaddress326,testcity326,teststate326,12670,mastercard,123457114,7,2017,testname326
testname327,testaddress327,testcity327,teststate327,12671,visa,123457115,8,2017,testname327
testname328,testaddress328,testcity328,teststate328,12672,mastercard,123457116,9,2017,testname328
testname329,testaddress329,testcity329,teststate329,12673,visa,123457117,10,2017,testname329
testname330,testaddress330,testcity330,teststate330,12674,mastercard,123457118,1,2017,testname330
testname331,testaddress331,testcity331,teststate331,12675,visa,123457119,2,2017,testname331
testname332,testaddress332,testcity332,teststate332,12676,mastercard,123457120,3,2017,testname332
testname333,testaddress333,testcity333,teststate333,12677,visa,123457121,4,2017,testname333
testname334,testaddress334,testcity334,teststate334,12678,mastercard,123457122,5,2017,testname334
testname335,testaddress335,testcity335,teststate335,12679,visa,123457123,6,2017,testname335
testname336,testaddress336,testcity336,teststate336,12680,mastercard,123457124,7,2017,testname336
testname337,testaddress337,testcity337,teststate337,12681,visa,123457125,8,2017,testname337
testname338,testaddress338,testcity338,teststate338,12682,mastercard,123457126,9,2017,testname338
testname339,testaddress339,testcity339,teststate339,12683,visa,123457127,10,2017,testname339
testname340,testaddress340,testcity340,teststate340,12684,mastercard,123457128,1,2017,testname340
testname341,testaddress341,testcity341,teststate341,12685,visa,123457129,2,2017,testname341
testname342,testaddress342,testcity342,teststate342,12686,mastercard,123457130,3,2017,testname342
testname343,testaddress343,testcity343,teststate343,12687,visa,123457131,4,2017,testname343
testname344,testaddress344,testcity344,teststate344,12688,mastercard,123457132,5,2017,testname344
testname345,testaddress345,testcity345,teststate345,12689,visa,123457133,6,2017,testname345
testname346,testaddress346,testcity346,teststate346,12690,mastercard,123457134,7,2017,testname346
testname347,testaddress347,testcity347,teststate347,12691,visa,123457135,11,2017,testname347
testname348,testaddress348,testcity348,teststate348,12692,mastercard,123457136,12,2017,testname348
testname349,testaddress349,testcity349,teststate349,12693,visa,123457137,1,2017,testname349
testname350,testaddress350,testcity350,teststate350,12694,mastercard,123457138,2,2017,testname350
testname351,testaddress351,testcity351,teststate351,12695,visa,123457139,3,2017,testname351
testname352,testaddress352,testcity352,teststate352,12696,visa,123457140,4,2017,testname352
testname353,testaddress353,testcity353,teststate353,12697,mastercard,123457141,5,2017,testname353
testname354,testaddress354,testcity354,teststate354,12698,visa,123457142,6,2017,testname354
testname355,testaddress355,testcity355,teststate355,12699,mastercard,123457143,7,2017,testname355
testname356,testaddress356,testcity356,teststate356,12700,visa,123457144,8,2017,testname356
testname357,testaddress357,testcity357,teststate357,12701,mastercard,123457145,9,2017,testname357
testname358,testaddress358,testcity358,teststate358,12702,visa,123457146,10,2017,testname358
testname359,testaddress359,testcity359,teststate359,12703,mastercard,123457147,1,2017,testname359
testname360,testaddress360,testcity360,teststate360,12704,visa,123457148,2,2017,testname360
testname361,testaddress361,testcity361,teststate361,12705,mastercard,123457149,3,2017,testname361
testname362,testaddress362,testcity362,teststate362,12706,visa,123457150,4,2017,testname362
testname363,testaddress363,testcity363,teststate363,12707,mastercard,123457151,5,2017,testname363
testname364,testaddress364,testcity364,teststate364,12708,visa,123457152,6,2017,testname364
testname365,testaddress365,testcity365,teststate365,12709,mastercard,123457153,7,2017,testname365
testname366,testaddress366,testcity366,teststate366,12710,visa,123457154,8,2017,testname366
testname367,testaddress367,testcity367,teststate367,12711,mastercard,123457155,9,2017,testname367
testname368,testaddress368,testcity368,teststate368,12712,visa,123457156,10,2017,testname368
testname369,testaddress369,testcity369,teststate369,12713,mastercard,123457157,1,2017,testname369
testname370,testaddress370,testcity370,teststate370,12714,visa,123457158,2,2017,testname370
testname371,testaddress371,testcity371,teststate371,12715,mastercard,123457159,3,2017,testname371
testname372,testaddress372,testcity372,teststate372,12716,visa,123457160,4,2017,testname372
testname373,testaddress373,testcity373,teststate373,12717,mastercard,123457161,5,2017,testname373
testname374,testaddress374,testcity374,teststate374,12718,visa,123457162,6,2017,testname374
testname375,testaddress375,testcity375,teststate375,12719,mastercard,123457163,7,2017,testname375
testname376,testaddress376,testcity376,teststate376,12720,visa,123457164,11,2017,testname376
testname377,testaddress377,testcity377,teststate377,12721,mastercard,123457165,12,2017,testname377
testname378,testaddress378,testcity378,teststate378,12722,visa,123457166,1,2017,testname378
testname379,testaddress379,testcity379,teststate379,12723,visa,123457167,2,2017,testname379
testname380,testaddress380,testcity380,teststate380,12724,mastercard,123457168,3,2017,testname380
testname381,testaddress381,testcity381,teststate381,12725,visa,123457169,4,2017,testname381
testname382,testaddress382,testcity382,teststate382,12726,mastercard,123457170,5,2017,testname382
testname383,testaddress383,testcity383,teststate383,12727,visa,123457171,6,2017,testname383
testname384,testaddress384,testcity384,teststate384,12728,mastercard,123457172,7,2017,testname384
testname385,testaddress385,testcity385,teststate385,12729,visa,123457173,8,2017,testname385
testname386,testaddress386,testcity386,teststate386,12730,mastercard,123457174,9,2017,testname386
testname387,testaddress387,testcity387,teststate387,12731,visa,123457175,10,2017,testname387
testname388,testaddress388,testcity388,teststate388,12732,mastercard,123457176,1,2017,testname388
testname389,testaddress389,testcity389,teststate389,12733,visa,123457177,2,2017,testname389
testname390,testaddress390,testcity390,teststate390,12734,mastercard,123457178,3,2017,testname390
testname391,testaddress391,testcity391,teststate391,12735,visa,123457179,4,2017,testname391
testname392,testaddress392,testcity392,teststate392,12736,mastercard,123457180,5,2017,testname392
testname393,testaddress393,testcity393,teststate393,12737,visa,123457181,6,2017,testname393
testname394,testaddress394,testcity394,teststate394,12738,mastercard,123457182,7,2017,testname394
testname395,testaddress395,testcity395,teststate395,12739,visa,123457183,8,2017,testname395
testname396,testaddress396,testcity396,teststate396,12740,mastercard,123457184,9,2017,testname396
testname397,testaddress397,testcity397,teststate397,12741,visa,123457185,10,2017,testname397
testname398,testaddress398,testcity398,teststate398,12742,mastercard,123457186,1,2017,testname398
testname399,testaddress399,testcity399,teststate399,12743,visa,123457187,2,2017,testname399
testname400,testaddress400,testcity400,teststate400,12744,mastercard,123457188,3,2017,testname400
testname401,testaddress401,testcity401,teststate401,12745,visa,123457189,4,2017,testname401
testname402,testaddress402,testcity402,teststate402,12746,mastercard,123457190,5,2017,testname402
testname403,testaddress403,testcity403,teststate403,12747,visa,123457191,6,2017,testname403
testname404,testaddress404,testcity404,teststate404,12748,mastercard,123457192,7,2017,testname404
testname405,testaddress405,testcity405,teststate405,12749,visa,123457193,11,2017,testname405
testname406,testaddress406,testcity406,teststate406,12750,visa,123457194,12,2017,testname406
testname407,testaddress407,testcity407,teststate407,12751,mastercard,123457195,1,2017,testname407
testname408,testaddress408,testcity408,teststate408,12752,visa,123457196,2,2017,testname408
testname409,testaddress409,testcity409,teststate409,12753,mastercard,123457197,3,2017,testname409
testname410,testaddress410,testcity410,teststate410,12754,visa,123457198,4,2017,testname410
testname411,testaddress411,testcity411,teststate411,12755,mastercard,123457199,5,2017,testname411
testname412,testaddress412,testcity412,teststate412,12756,visa,123457200,6,2017,testname412
testname413,testaddress413,testcity413,teststate413,12757,mastercard,123457201,7,2017,testname413
testname414,testaddress414,testcity414,teststate414,12758,visa,123457202,8,2017,testname414
testname415,testaddress415,testcity415,teststate415,12759,mastercard,123457203,9,2017,testname415
testname416,testaddress416,testcity416,teststate416,12760,visa,123457204,10,2017,testname416
testname417,testaddress417,testcity417,teststate417,12761,mastercard,123457205,1,2017,testname417
testname418,testaddress418,testcity418,teststate418,12762,visa,123457206,2,2017,testname418
testname419,testaddress419,testcity419,teststate419,12763,mastercard,123457207,3,2017,testname419
testname420,testaddress420,testcity420,teststate420,12764,visa,123457208,4,2017,testname420
testname421,testaddress421,testcity421,teststate421,12765,mastercard,123457209,5,2017,testname421
testname422,testaddress422,testcity422,teststate422,12766,visa,123457210,6,2017,testname422
testname423,testaddress423,testcity423,teststate423,12767,mastercard,123457211,7,2017,testname423
testname424,testaddress424,testcity424,teststate424,12768,visa,123457212,8,2017,testname424
testname425,testaddress425,testcity425,teststate425,12769,mastercard,123457213,9,2017,testname425
testname426,testaddress426,testcity426,teststate426,12770,visa,123457214,10,2017,testname426
testname427,testaddress427,testcity427,teststate427,12771,mastercard,123457215,1,2017,testname427
testname428,testaddress428,testcity428,teststate428,12772,visa,123457216,2,2017,testname428
testname429,testaddress429,testcity429,teststate429,12773,mastercard,123457217,3,2017,testname429
testname430,testaddress430,testcity430,teststate430,12774,visa,123457218,4,2017,testname430
testname431,testaddress431,testcity431,teststate431,12775,mastercard,123457219,5,2017,testname431
testname432,testaddress432,testcity432,teststate432,12776,visa,123457220,6,2017,testname432
testname433,testaddress433,testcity433,teststate433,12777,visa,123457221,7,2017,testname433
testname434,testaddress434,testcity434,teststate434,12778,mastercard,123457222,11,2017,testname434
testname435,testaddress435,testcity435,teststate435,12779,visa,123457223,12,2017,testname435
testname436,testaddress436,testcity436,teststate436,12780,mastercard,123457224,1,2017,testname436
testname437,testaddress437,testcity437,teststate437,12781,visa,123457225,2,2017,testname437
testname438,testaddress438,testcity438,teststate438,12782,mastercard,123457226,3,2017,testname438
testname439,testaddress439,testcity439,teststate439,12783,visa,123457227,4,2017,testname439
testname440,testaddress440,testcity440,teststate440,12784,mastercard,123457228,5,2017,testname440
testname441,testaddress441,testcity441,teststate441,12785,visa,123457229,6,2017,testname441
testname442,testaddress442,testcity442,teststate442,12786,mastercard,123457230,7,2017,testname442
testname443,testaddress443,testcity443,teststate443,12787,visa,123457231,8,2017,testname443
testname444,testaddress444,testcity444,teststate444,12788,mastercard,123457232,9,2017,testname444
testname445,testaddress445,testcity445,teststate445,12789,visa,123457233,10,2017,testname445
testname446,testaddress446,testcity446,teststate446,12790,mastercard,123457234,1,2017,testname446
testname447,testaddress447,testcity447,teststate447,12791,visa,123457235,2,2017,testname447
testname448,testaddress448,testcity448,teststate448,12792,mastercard,123457236,3,2017,testname448
testname449,testaddress449,testcity449,teststate449,12793,visa,123457237,4,2017,testname449
testname450,testaddress450,testcity450,teststate450,12794,mastercard,123457238,5,2017,testname450
testname451,testaddress451,testcity451,teststate451,12795,visa,123457239,6,2017,testname451
testname452,testaddress452,testcity452,teststate452,12796,mastercard,123457240,7,2017,testname452
testname453,testaddress453,testcity453,teststate453,12797,visa,123457241,8,2017,testname453
testname454,testaddress454,testcity454,teststate454,12798,mastercard,123457242,9,2017,testname454
testname455,testaddress455,testcity455,teststate455,12799,visa,123457243,10,2017,testname455
testname456,testaddress456,testcity456,teststate456,12800,mastercard,123457244,1,2017,testname456
testname457,testaddress457,testcity457,teststate457,12801,visa,123457245,2,2017,testname457
testname458,testaddress458,testcity458,teststate458,12802,mastercard,123457246,3,2017,testname458
testname459,testaddress459,testcity459,teststate459,12803,visa,123457247,4,2017,testname459
testname460,testaddress460,testcity460,teststate460,12804,visa,123457248,5,2017,testname460
testname461,testaddress461,testcity461,teststate461,12805,mastercard,123457249,6,2017,testname461
testname462,testaddress462,testcity462,teststate462,12806,visa,123457250,7,2017,testname462
testname463,testaddress463,testcity463,teststate463,12807,mastercard,123457251,11,2017,testname463
testname464,testaddress464,testcity464,teststate464,12808,visa,123457252,12,2017,testname464
testname465,testaddress465,testcity465,teststate465,12809,mastercard,123457253,1,2017,testname465
testname466,testaddress466,testcity466,teststate466,12810,visa,123457254,2,2017,testname466
testname467,testaddress467,testcity467,teststate467,12811,mastercard,123457255,3,2017,testname467
testname468,testaddress468,testcity468,teststate468,12812,visa,123457256,4,2017,testname468
testname469,testaddress469,testcity469,teststate469,12813,mastercard,123457257,5,2017,testname469
testname470,testaddress470,testcity470,teststate470,12814,visa,123457258,6,2017,testname470
testname471,testaddress471,testcity471,teststate471,12815,mastercard,123457259,7,2017,testname471
testname472,testaddress472,testcity472,teststate472,12816,visa,123457260,8,2017,testname472
testname473,testaddress473,testcity473,teststate473,12817,mastercard,123457261,9,2017,testname473
testname474,testaddress474,testcity474,teststate474,12818,visa,123457262,10,2017,testname474
testname475,testaddress475,testcity475,teststate475,12819,mastercard,123457263,1,2017,testname475
testname476,testaddress476,testcity476,teststate476,12820,visa,123457264,2,2017,testname476
testname477,testaddress477,testcity477,teststate477,12821,mastercard,123457265,3,2017,testname477
testname478,testaddress478,testcity478,teststate478,12822,visa,123457266,4,2017,testname478
testname479,testaddress479,testcity479,teststate479,12823,mastercard,123457267,5,2017,testname479
testname480,testaddress480,testcity480,teststate480,12824,visa,123457268,6,2017,testname480
testname481,testaddress481,testcity481,teststate481,12825,mastercard,123457269,7,2017,testname481
testname482,testaddress482,testcity482,teststate482,12826,visa,123457270,8,2017,testname482
testname483,testaddress483,testcity483,teststate483,12827,mastercard,123457271,9,2017,testname483
testname484,testaddress484,testcity484,teststate484,12828,visa,123457272,10,2017,testname484
testname485,testaddress485,testcity485,teststate485,12829,mastercard,123457273,1,2017,testname485
testname486,testaddress486,testcity486,teststate486,12830,visa,123457274,2,2017,testname486
testname487,testaddress487,testcity487,teststate487,12831,visa,123457275,3,2017,testname487
testname488,testaddress488,testcity488,teststate488,12832,mastercard,123457276,4,2017,testname488
testname489,testaddress489,testcity489,teststate489,12833,visa,123457277,5,2017,testname489
testname490,testaddress490,testcity490,teststate490,12834,mastercard,123457278,6,2017,testname490
testname491,testaddress491,testcity491,teststate491,12835,visa,123457279,7,2017,testname491
testname492,testaddress492,testcity492,teststate492,12836,mastercard,123457280,11,2017,testname492
testname493,testaddress493,testcity493,teststate493,12837,visa,123457281,12,2017,testname493
testname494,testaddress494,testcity494,teststate494,12838,mastercard,123457282,1,2017,testname494
testname495,testaddress495,testcity495,teststate495,12839,visa,123457283,2,2017,testname495
testname496,testaddress496,testcity496,teststate496,12840,mastercard,123457284,3,2017,testname496
testname497,testaddress497,testcity497,teststate497,12841,visa,123457285,4,2017,testname497
testname498,testaddress498,testcity498,teststate498,12842,mastercard,123457286,5,2017,testname498
testname499,testaddress499,testcity499,teststate499,12843,visa,123457287,6,2017,testname499
testname500,testaddress500,testcity500,teststate500,12844,mastercard,123457288,7,2017,testname500
testname501,testaddress501,testcity501,teststate501,12845,visa,123457289,8,2017,testname501
testname502,testaddress502,testcity502,teststate502,12846,mastercard,123457290,9,2017,testname502
testname503,testaddress503,testcity503,teststate503,12847,visa,123457291,10,2017,testname503
testname504,testaddress504,testcity504,teststate504,12848,mastercard,123457292,1,2017,testname504
testname505,testaddress505,testcity505,teststate505,12849,visa,123457293,2,2017,testname505
testname506,testaddress506,testcity506,teststate506,12850,mastercard,123457294,3,2017,testname506
testname507,testaddress507,testcity507,teststate507,12851,visa,123457295,4,2017,testname507
testname508,testaddress508,testcity508,teststate508,12852,mastercard,123457296,5,2017,testname508
testname509,testaddress509,testcity509,teststate509,12853,visa,123457297,6,2017,testname509
testname510,testaddress510,testcity510,teststate510,12854,mastercard,123457298,7,2017,testname510
testname511,testaddress511,testcity511,teststate511,12855,visa,123457299,8,2017,testname511
testname512,testaddress512,testcity512,teststate512,12856,mastercard,123457300,9,2017,testname512
testname513,testaddress513,testcity513,teststate513,12857,visa,123457301,10,2017,testname513
testname514,testaddress514,testcity514,teststate514,12858,visa,123457302,1,2017,testname514
testname515,testaddress515,testcity515,teststate515,12859,mastercard,123457303,2,2017,testname515
testname516,testaddress516,testcity516,teststate516,12860,visa,123457304,3,2017,testname516
testname517,testaddress517,testcity517,teststate517,12861,mastercard,123457305,4,2017,testname517
testname518,testaddress518,testcity518,teststate518,12862,visa,123457306,5,2017,testname518
testname519,testaddress519,testcity519,teststate519,12863,mastercard,123457307,6,2017,testname519
testname520,testaddress520,testcity520,teststate520,12864,visa,123457308,7,2017,testname520
testname521,testaddress521,testcity521,teststate521,12865,mastercard,123457309,11,2017,testname521
testname522,testaddress522,testcity522,teststate522,12866,visa,123457310,12,2017,testname522
testname523,testaddress523,testcity523,teststate523,12867,mastercard,123457311,1,2017,testname523
testname524,testaddress524,testcity524,teststate524,12868,visa,123457312,2,2017,testname524
testname525,testaddress525,testcity525,teststate525,12869,mastercard,123457313,3,2017,testname525
testname526,testaddress526,testcity526,teststate526,12870,visa,123457314,4,2017,testname526
testname527,testaddress527,testcity527,teststate527,12871,mastercard,123457315,5,2017,testname527
testname528,testaddress528,testcity528,teststate528,12872,visa,123457316,6,2017,testname528
testname529,testaddress529,testcity529,teststate529,12873,mastercard,123457317,7,2017,testname529
testname530,testaddress530,testcity530,teststate530,12874,visa,123457318,8,2017,testname530
testname531,testaddress531,testcity531,teststate531,12875,mastercard,123457319,9,2017,testname531
testname532,testaddress532,testcity532,teststate532,12876,visa,123457320,10,2017,testname532
testname533,testaddress533,testcity533,teststate533,12877,mastercard,123457321,1,2017,testname533
testname534,testaddress534,testcity534,teststate534,12878,visa,123457322,2,2017,testname534
testname535,testaddress535,testcity535,teststate535,12879,mastercard,123457323,3,2017,testname535
testname536,testaddress536,testcity536,teststate536,12880,visa,123457324,4,2017,testname536
testname537,testaddress537,testcity537,teststate537,12881,mastercard,123457325,5,2017,testname537
testname538,testaddress538,testcity538,teststate538,12882,visa,123457326,6,2017,testname538
testname539,testaddress539,testcity539,teststate539,12883,mastercard,123457327,7,2017,testname539
testname540,testaddress540,testcity540,teststate540,12884,visa,123457328,8,2017,testname540
testname541,testaddress541,testcity541,teststate541,12885,visa,123457329,9,2017,testname541
testname542,testaddress542,testcity542,teststate542,12886,mastercard,123457330,10,2017,testname542
testname543,testaddress543,testcity543,teststate543,12887,visa,123457331,1,2017,testname543
testname544,testaddress544,testcity544,teststate544,12888,mastercard,123457332,2,2017,testname544
testname545,testaddress545,testcity545,teststate545,12889,visa,123457333,3,2017,testname545
testname546,testaddress546,testcity546,teststate546,12890,mastercard,123457334,4,2017,testname546
testname547,testaddress547,testcity547,teststate547,12891,visa,123457335,5,2017,testname547
testname548,testaddress548,testcity548,teststate548,12892,mastercard,123457336,6,2017,testname548
testname549,testaddress549,testcity549,teststate549,12893,visa,123457337,7,2017,testname549
testname550,testaddress550,testcity550,teststate550,12894,mastercard,123457338,11,2017,testname550
testname551,testaddress551,testcity551,teststate551,12895,visa,123457339,12,2017,testname551
testname552,testaddress552,testcity552,teststate552,12896,mastercard,123457340,1,2017,testname552
testname553,testaddress553,testcity553,teststate553,12897,visa,123457341,2,2017,testname553
testname554,testaddress554,testcity554,teststate554,12898,mastercard,123457342,3,2017,testname554
testname555,testaddress555,testcity555,teststate555,12899,visa,123457343,4,2017,testname555
testname556,testaddress556,testcity556,teststate556,12900,mastercard,123457344,5,2017,testname556
testname557,testaddress557,testcity557,teststate557,12901,visa,123457345,6,2017,testname557
testname558,testaddress558,testcity558,teststate558,12902,mastercard,123457346,7,2017,testname558
testname559,testaddress559,testcity559,teststate559,12903,visa,123457347,8,2017,testname559
testname560,testaddress560,testcity560,teststate560,12904,mastercard,123457348,9,2017,testname560
testname561,testaddress561,testcity561,teststate561,12905,visa,123457349,10,2017,testname561
testname562,testaddress562,testcity562,teststate562,12906,mastercard,123457350,1,2017,testname562
testname563,testaddress563,testcity563,teststate563,12907,visa,123457351,2,2017,testname563
testname564,testaddress564,testcity564,teststate564,12908,mastercard,123457352,3,2017,testname564
testname565,testaddress565,testcity565,teststate565,12909,visa,123457353,4,2017,testname565
testname566,testaddress566,testcity566,teststate566,12910,mastercard,123457354,5,2017,testname566
testname567,testaddress567,testcity567,teststate567,12911,visa,123457355,6,2017,testname567
testname568,testaddress568,testcity568,teststate568,12912,visa,123457356,7,2017,testname568
testname569,testaddress569,testcity569,teststate569,12913,mastercard,123457357,8,2017,testname569
testname570,testaddress570,testcity570,teststate570,12914,visa,123457358,9,2017,testname570
testname571,testaddress571,testcity571,teststate571,12915,mastercard,123457359,10,2017,testname571
testname572,testaddress572,testcity572,teststate572,12916,visa,123457360,1,2017,testname572
testname573,testaddress573,testcity573,teststate573,12917,mastercard,123457361,2,2017,testname573
testname574,testaddress574,testcity574,teststate574,12918,visa,123457362,3,2017,testname574
testname575,testaddress575,testcity575,teststate575,12919,mastercard,123457363,4,2017,testname575
testname576,testaddress576,testcity576,teststate576,12920,visa,123457364,5,2017,testname576
testname577,testaddress577,testcity577,teststate577,12921,mastercard,123457365,6,2017,testname577
testname578,testaddress578,testcity578,teststate578,12922,visa,123457366,7,2017,testname578
testname579,testaddress579,testcity579,teststate579,12923,mastercard,123457367,11,2017,testname579
testname580,testaddress580,testcity580,teststate580,12924,visa,123457368,12,2017,testname580
testname581,testaddress581,testcity581,teststate581,12925,mastercard,123457369,1,2017,testname581
testname582,testaddress582,testcity582,teststate582,12926,visa,123457370,2,2017,testname582
testname583,testaddress583,testcity583,teststate583,12927,mastercard,123457371,3,2017,testname583
testname584,testaddress584,testcity584,teststate584,12928,visa,123457372,4,2017,testname584
testname585,testaddress585,testcity585,teststate585,12929,mastercard,123457373,5,2017,testname585
testname586,testaddress586,testcity586,teststate586,12930,visa,123457374,6,2017,testname586
testname587,testaddress587,testcity587,teststate587,12931,mastercard,123457375,7,2017,testname587
testname588,testaddress588,testcity588,teststate588,12932,visa,123457376,8,2017,testname588
testname589,testaddress589,testcity589,teststate589,12933,mastercard,123457377,9,2017,testname589
testname590,testaddress590,testcity590,teststate590,12934,visa,123457378,10,2017,testname590
testname591,testaddress591,testcity591,teststate591,12935,mastercard,123457379,1,2017,testname591
testname592,testaddress592,testcity592,teststate592,12936,visa,123457380,2,2017,testname592
testname593,testaddress593,testcity593,teststate593,12937,mastercard,123457381,3,2017,testname593
testname594,testaddress594,testcity594,teststate594,12938,visa,123457382,4,2017,testname594
testname595,testaddress595,testcity595,teststate595,12939,visa,123457383,5,2017,testname595
testname596,testaddress596,testcity596,teststate596,12940,mastercard,123457384,6,2017,testname596
testname597,testaddress597,testcity597,teststate597,12941,visa,123457385,7,2017,testname597
testname598,testaddress598,testcity598,teststate598,12942,mastercard,123457386,8,2017,testname598
testname599,testaddress599,testcity599,teststate599,12943,visa,123457387,9,2017,testname599
testname600,testaddress600,testcity600,teststate600,12944,mastercard,123457388,10,2017,testname600
testname601,testaddress601,testcity601,teststate601,12945,visa,123457389,1,2017,testname601
testname602,testaddress602,testcity602,teststate602,12946,mastercard,123457390,2,2017,testname602
testname603,testaddress603,testcity603,teststate603,12947,visa,123457391,3,2017,testname603
testname604,testaddress604,testcity604,teststate604,12948,mastercard,123457392,4,2017,testname604
testname605,testaddress605,testcity605,teststate605,12949,visa,123457393,5,2017,testname605
testname606,testaddress606,testcity606,teststate606,12950,mastercard,123457394,6,2017,testname606
testname607,testaddress607,testcity607,teststate607,12951,visa,123457395,7,2017,testname607
testname608,testaddress608,testcity608,teststate608,12952,mastercard,123457396,11,2017,testname608
testname609,testaddress609,testcity609,teststate609,12953,visa,123457397,12,2017,testname609
testname610,testaddress610,testcity610,teststate610,12954,mastercard,123457398,1,2017,testname610
testname611,testaddress611,testcity611,teststate611,12955,visa,123457399,2,2017,testname611
testname612,testaddress612,testcity612,teststate612,12956,mastercard,123457400,3,2017,testname612
testname613,testaddress613,testcity613,teststate613,12957,visa,123457401,4,2017,testname613
testname614,testaddress614,testcity614,teststate614,12958,mastercard,123457402,5,2017,testname614
testname615,testaddress615,testcity615,teststate615,12959,visa,123457403,6,2017,testname615
testname616,testaddress616,testcity616,teststate616,12960,mastercard,123457404,7,2017,testname616
testname617,testaddress617,testcity617,teststate617,12961,visa,123457405,8,2017,testname617
testname618,testaddress618,testcity618,teststate618,12962,mastercard,123457406,9,2017,testname618
testname619,testaddress619,testcity619,teststate619,12963,visa,123457407,10,2017,testname619
testname620,testaddress620,testcity620,teststate620,12964,mastercard,123457408,1,2017,testname620
testname621,testaddress621,testcity621,teststate621,12965,visa,123457409,2,2017,testname621
testname622,testaddress622,testcity622,teststate622,12966,visa,123457410,3,2017,testname622
testname623,testaddress623,testcity623,teststate623,12967,mastercard,123457411,4,2017,testname623
testname624,testaddress624,testcity624,teststate624,12968,visa,123457412,5,2017,testname624
testname625,testaddress625,testcity625,teststate625,12969,mastercard,123457413,6,2017,testname625
testname626,testaddress626,testcity626,teststate626,12970,visa,123457414,7,2017,testname626
testname627,testaddress627,testcity627,teststate627,12971,mastercard,123457415,8,2017,testname627
testname628,testaddress628,testcity628,teststate628,12972,visa,123457416,9,2017,testname628
testname629,testaddress629,testcity629,teststate629,12973,mastercard,123457417,10,2017,testname629
testname630,testaddress630,testcity630,teststate630,12974,visa,123457418,1,2017,testname630
testname631,testaddress631,testcity631,teststate631,12975,mastercard,123457419,2,2017,testname631
testname632,testaddress632,testcity632,teststate632,12976,visa,123457420,3,2017,testname632
testname633,testaddress633,testcity633,teststate633,12977,mastercard,123457421,4,2017,testname633
testname634,testaddress634,testcity634,teststate634,12978,visa,123457422,5,2017,testname634
testname635,testaddress635,testcity635,teststate635,12979,mastercard,123457423,6,2017,testname635
testname636,testaddress636,testcity636,teststate636,12980,visa,123457424,7,2017,testname636
testname637,testaddress637,testcity637,teststate637,12981,mastercard,123457425,11,2017,testname637
testname638,testaddress638,testcity638,teststate638,12982,visa,123457426,12,2017,testname638
testname639,testaddress639,testcity639,teststate639,12983,mastercard,123457427,1,2017,testname639
testname640,testaddress640,testcity640,teststate640,12984,visa,123457428,2,2017,testname640
testname641,testaddress641,testcity641,teststate641,12985,mastercard,123457429,3,2017,testname641
testname642,testaddress642,testcity642,teststate642,12986,visa,123457430,4,2017,testname642
testname643,testaddress643,testcity643,teststate643,12987,mastercard,123457431,5,2017,testname643
testname644,testaddress644,testcity644,teststate644,12988,visa,123457432,6,2017,testname644
testname645,testaddress645,testcity645,teststate645,12989,mastercard,123457433,7,2017,testname645
testname646,testaddress646,testcity646,teststate646,12990,visa,123457434,8,2017,testname646
testname647,testaddress647,testcity647,teststate647,12991,mastercard,123457435,9,2017,testname647
testname648,testaddress648,testcity648,teststate648,12992,visa,123457436,10,2017,testname648
testname649,testaddress649,testcity649,teststate649,12993,visa,123457437,1,2017,testname649
testname650,testaddress650,testcity650,teststate650,12994,mastercard,123457438,2,2017,testname650
testname651,testaddress651,testcity651,teststate651,12995,visa,123457439,3,2017,testname651
testname652,testaddress652,testcity652,teststate652,12996,mastercard,123457440,4,2017,testname652
testname653,testaddress653,testcity653,teststate653,12997,visa,123457441,5,2017,testname653
testname654,testaddress654,testcity654,teststate654,12998,mastercard,123457442,6,2017,testname654
testname655,testaddress655,testcity655,teststate655,12999,visa,123457443,7,2017,testname655
testname656,testaddress656,testcity656,teststate656,13000,mastercard,123457444,8,2017,testname656
testname657,testaddress657,testcity657,teststate657,13001,visa,123457445,9,2017,testname657
testname658,testaddress658,testcity658,teststate658,13002,mastercard,123457446,10,2017,testname658
testname659,testaddress659,testcity659,teststate659,13003,visa,123457447,1,2017,testname659
testname660,testaddress660,testcity660,teststate660,13004,mastercard,123457448,2,2017,testname660
testname661,testaddress661,testcity661,teststate661,13005,visa,123457449,3,2017,testname661
testname662,testaddress662,testcity662,teststate662,13006,mastercard,123457450,4,2017,testname662
testname663,testaddress663,testcity663,teststate663,13007,visa,123457451,5,2017,testname663
testname664,testaddress664,testcity664,teststate664,13008,mastercard,123457452,6,2017,testname664
testname665,testaddress665,testcity665,teststate665,13009,visa,123457453,7,2017,testname665
testname666,testaddress666,testcity666,teststate666,13010,mastercard,123457454,11,2017,testname666
testname667,testaddress667,testcity667,teststate667,13011,visa,123457455,12,2017,testname667
testname668,testaddress668,testcity668,teststate668,13012,mastercard,123457456,1,2017,testname668
testname669,testaddress669,testcity669,teststate669,13013,visa,123457457,2,2017,testname669
testname670,testaddress670,testcity670,teststate670,13014,mastercard,123457458,3,2017,testname670
testname671,testaddress671,testcity671,teststate671,13015,visa,123457459,4,2017,testname671
testname672,testaddress672,testcity672,teststate672,13016,mastercard,123457460,5,2017,testname672
testname673,testaddress673,testcity673,teststate673,13017,visa,123457461,6,2017,testname673
testname674,testaddress674,testcity674,teststate674,13018,mastercard,123457462,7,2017,testname674
testname675,testaddress675,testcity675,teststate675,13019,visa,123457463,8,2017,testname675
testname676,testaddress676,testcity676,teststate676,13020,visa,123457464,9,2017,testname676
testname677,testaddress677,testcity677,teststate677,13021,mastercard,123457465,10,2017,testname677
testname678,testaddress678,testcity678,teststate678,13022,visa,123457466,1,2017,testname678
testname679,testaddress679,testcity679,teststate679,13023,mastercard,123457467,2,2017,testname679
testname680,testaddress680,testcity680,teststate680,13024,visa,123457468,3,2017,testname680
testname681,testaddress681,testcity681,teststate681,13025,mastercard,123457469,4,2017,testname681
testname682,testaddress682,testcity682,teststate682,13026,visa,123457470,5,2017,testname682
testname683,testaddress683,testcity683,teststate683,13027,mastercard,123457471,6,2017,testname683
testname684,testaddress684,testcity684,teststate684,13028,visa,123457472,7,2017,testname684
testname685,testaddress685,testcity685,teststate685,13029,mastercard,123457473,8,2017,testname685
testname686,testaddress686,testcity686,teststate686,13030,visa,123457474,9,2017,testname686
testname687,testaddress687,testcity687,teststate687,13031,mastercard,123457475,10,2017,testname687
testname688,testaddress688,testcity688,teststate688,13032,visa,123457476,1,2017,testname688
testname689,testaddress689,testcity689,teststate689,13033,mastercard,123457477,2,2017,testname689
testname690,testaddress690,testcity690,teststate690,13034,visa,123457478,3,2017,testname690
testname691,testaddress691,testcity691,teststate691,13035,mastercard,123457479,4,2017,testname691
testname692,testaddress692,testcity692,teststate692,13036,visa,123457480,5,2017,testname692
testname693,testaddress693,testcity693,teststate693,13037,mastercard,123457481,6,2017,testname693
testname694,testaddress694,testcity694,teststate694,13038,visa,123457482,7,2017,testname694
testname695,testaddress695,testcity695,teststate695,13039,mastercard,123457483,11,2017,testname695
testname696,testaddress696,testcity696,teststate696,13040,visa,123457484,12,2017,testname696
testname697,testaddress697,testcity697,teststate697,13041,mastercard,123457485,1,2017,testname697
testname698,testaddress698,testcity698,teststate698,13042,visa,123457486,2,2017,testname698
testname699,testaddress699,testcity699,teststate699,13043,mastercard,123457487,3,2017,testname699
testname700,testaddress700,testcity700,teststate700,13044,visa,123457488,4,2017,testname700
testname701,testaddress701,testcity701,teststate701,13045,mastercard,123457489,5,2017,testname701
testname702,testaddress702,testcity702,teststate702,13046,visa,123457490,6,2017,testname702
testname703,testaddress703,testcity703,teststate703,13047,visa,123457491,7,2017,testname703
testname704,testaddress704,testcity704,teststate704,13048,mastercard,123457492,8,2017,testname704
testname705,testaddress705,testcity705,teststate705,13049,visa,123457493,9,2017,testname705
testname706,testaddress706,testcity706,teststate706,13050,mastercard,123457494,10,2017,testname706
testname707,testaddress707,testcity707,teststate707,13051,visa,123457495,1,2017,testname707
testname708,testaddress708,testcity708,teststate708,13052,mastercard,123457496,2,2017,testname708
testname709,testaddress709,testcity709,teststate709,13053,visa,123457497,3,2017,testname709
testname710,testaddress710,testcity710,teststate710,13054,mastercard,123457498,4,2017,testname710
testname711,testaddress711,testcity711,teststate711,13055,visa,123457499,5,2017,testname711
testname712,testaddress712,testcity712,teststate712,13056,mastercard,123457500,6,2017,testname712
testname713,testaddress713,testcity713,teststate713,13057,visa,123457501,7,2017,testname713
testname714,testaddress714,testcity714,teststate714,13058,mastercard,123457502,8,2017,testname714
testname715,testaddress715,testcity715,teststate715,13059,visa,123457503,9,2017,testname715
testname716,testaddress716,testcity716,teststate716,13060,mastercard,123457504,10,2017,testname716
testname717,testaddress717,testcity717,teststate717,13061,visa,123457505,1,2017,testname717
testname718,testaddress718,testcity718,teststate718,13062,mastercard,123457506,2,2017,testname718
testname719,testaddress719,testcity719,teststate719,13063,visa,123457507,3,2017,testname719
testname720,testaddress720,testcity720,teststate720,13064,mastercard,123457508,4,2017,testname720
testname721,testaddress721,testcity721,teststate721,13065,visa,123457509,5,2017,testname721
testname722,testaddress722,testcity722,teststate722,13066,mastercard,123457510,6,2017,testname722
testname723,testaddress723,testcity723,teststate723,13067,visa,123457511,7,2017,testname723
testname724,testaddress724,testcity724,teststate724,13068,mastercard,123457512,11,2017,testname724
testname725,testaddress725,testcity725,teststate725,13069,visa,123457513,12,2017,testname725
testname726,testaddress726,testcity726,teststate726,13070,mastercard,123457514,1,2017,testname726
testname727,testaddress727,testcity727,teststate727,13071,visa,123457515,2,2017,testname727
testname728,testaddress728,testcity728,teststate728,13072,mastercard,123457516,3,2017,testname728
testname729,testaddress729,testcity729,teststate729,13073,visa,123457517,4,2017,testname729
testname730,testaddress730,testcity730,teststate730,13074,visa,123457518,5,2017,testname730
testname731,testaddress731,testcity731,teststate731,13075,mastercard,123457519,6,2017,testname731
testname732,testaddress732,testcity732,teststate732,13076,visa,123457520,7,2017,testname732
testname733,testaddress733,testcity733,teststate733,13077,mastercard,123457521,8,2017,testname733
testname734,testaddress734,testcity734,teststate734,13078,visa,123457522,9,2017,testname734
testname735,testaddress735,testcity735,teststate735,13079,mastercard,123457523,10,2017,testname735
testname736,testaddress736,testcity736,teststate736,13080,visa,123457524,1,2017,testname736
testname737,testaddress737,testcity737,teststate737,13081,mastercard,123457525,2,2017,testname737
testname738,testaddress738,testcity738,teststate738,13082,visa,123457526,3,2017,testname738
testname739,testaddress739,testcity739,teststate739,13083,mastercard,123457527,4,2017,testname739
testname740,testaddress740,testcity740,teststate740,13084,visa,123457528,5,2017,testname740
testname741,testaddress741,testcity741,teststate741,13085,mastercard,123457529,6,2017,testname741
testname742,testaddress742,testcity742,teststate742,13086,visa,123457530,7,2017,testname742
testname743,testaddress743,testcity743,teststate743,13087,mastercard,123457531,8,2017,testname743
testname744,testaddress744,testcity744,teststate744,13088,visa,123457532,9,2017,testname744
testname745,testaddress745,testcity745,teststate745,13089,mastercard,123457533,10,2017,testname745
testname746,testaddress746,testcity746,teststate746,13090,visa,123457534,1,2017,testname746
testname747,testaddress747,testcity747,teststate747,13091,mastercard,123457535,2,2017,testname747
testname748,testaddress748,testcity748,teststate748,13092,visa,123457536,3,2017,testname748
testname749,testaddress749,testcity749,teststate749,13093,mastercard,123457537,4,2017,testname749
testname750,testaddress750,testcity750,teststate750,13094,visa,123457538,5,2017,testname750
testname751,testaddress751,testcity751,teststate751,13095,mastercard,123457539,6,2017,testname751
testname752,testaddress752,testcity752,teststate752,13096,visa,123457540,7,2017,testname752
testname753,testaddress753,testcity753,teststate753,13097,mastercard,123457541,11,2017,testname753
testname754,testaddress754,testcity754,teststate754,13098,visa,123457542,12,2017,testname754
testname755,testaddress755,testcity755,teststate755,13099,mastercard,123457543,1,2017,testname755
testname756,testaddress756,testcity756,teststate756,13100,visa,123457544,2,2017,testname756
testname757,testaddress757,testcity757,teststate757,13101,visa,123457545,3,2017,testname757
testname758,testaddress758,testcity758,teststate758,13102,mastercard,123457546,4,2017,testname758
testname759,testaddress759,testcity759,teststate759,13103,visa,123457547,5,2017,testname759
testname760,testaddress760,testcity760,teststate760,13104,mastercard,123457548,6,2017,testname760
testname761,testaddress761,testcity761,teststate761,13105,visa,123457549,7,2017,testname761
testname762,testaddress762,testcity762,teststate762,13106,mastercard,123457550,8,2017,testname762
testname763,testaddress763,testcity763,teststate763,13107,visa,123457551,9,2017,testname763
testname764,testaddress764,testcity764,teststate764,13108,mastercard,123457552,10,2017,testname764
testname765,testaddress765,testcity765,teststate765,13109,visa,123457553,1,2017,testname765
testname766,testaddress766,testcity766,teststate766,13110,mastercard,123457554,2,2017,testname766
testname767,testaddress767,testcity767,teststate767,13111,visa,123457555,3,2017,testname767
testname768,testaddress768,testcity768,teststate768,13112,mastercard,123457556,4,2017,testname768
testname769,testaddress769,testcity769,teststate769,13113,visa,123457557,5,2017,testname769
testname770,testaddress770,testcity770,teststate770,13114,mastercard,123457558,6,2017,testname770
testname771,testaddress771,testcity771,teststate771,13115,visa,123457559,7,2017,testname771
testname772,testaddress772,testcity772,teststate772,13116,mastercard,123457560,8,2017,testname772
testname773,testaddress773,testcity773,teststate773,13117,visa,123457561,9,2017,testname773
testname774,testaddress774,testcity774,teststate774,13118,mastercard,123457562,10,2017,testname774
testname775,testaddress775,testcity775,teststate775,13119,visa,123457563,1,2017,testname775
testname776,testaddress776,testcity776,teststate776,13120,mastercard,123457564,2,2017,testname776
testname777,testaddress777,testcity777,teststate777,13121,visa,123457565,3,2017,testname777
testname778,testaddress778,testcity778,teststate778,13122,mastercard,123457566,4,2017,testname778
testname779,testaddress779,testcity779,teststate779,13123,visa,123457567,5,2017,testname779
testname780,testaddress780,testcity780,teststate780,13124,mastercard,123457568,6,2017,testname780
testname781,testaddress781,testcity781,teststate781,13125,visa,123457569,7,2017,testname781
testname782,testaddress782,testcity782,teststate782,13126,mastercard,123457570,11,2017,testname782
testname783,testaddress783,testcity783,teststate783,13127,visa,123457571,12,2017,testname783
testname784,testaddress784,testcity784,teststate784,13128,visa,123457572,1,2017,testname784
testname785,testaddress785,testcity785,teststate785,13129,mastercard,123457573,2,2017,testname785
testname786,testaddress786,testcity786,teststate786,13130,visa,123457574,3,2017,testname786
testname787,testaddress787,testcity787,teststate787,13131,mastercard,123457575,4,2017,testname787
testname788,testaddress788,testcity788,teststate788,13132,visa,123457576,5,2017,testname788
testname789,testaddress789,testcity789,teststate789,13133,mastercard,123457577,6,2017,testname789
testname790,testaddress790,testcity790,teststate790,13134,visa,123457578,7,2017,testname790
testname791,testaddress791,testcity791,teststate791,13135,mastercard,123457579,8,2017,testname791
testname792,testaddress792,testcity792,teststate792,13136,visa,123457580,9,2017,testname792
testname793,testaddress793,testcity793,teststate793,13137,mastercard,123457581,10,2017,testname793
testname794,testaddress794,testcity794,teststate794,13138,visa,123457582,1,2017,testname794
testname795,testaddress795,testcity795,teststate795,13139,mastercard,123457583,2,2017,testname795
testname796,testaddress796,testcity796,teststate796,13140,visa,123457584,3,2017,testname796
testname797,testaddress797,testcity797,teststate797,13141,mastercard,123457585,4,2017,testname797
testname798,testaddress798,testcity798,teststate798,13142,visa,123457586,5,2017,testname798
testname799,testaddress799,testcity799,teststate799,13143,mastercard,123457587,6,2017,testname799
testname800,testaddress800,testcity800,teststate800,13144,visa,123457588,7,2017,testname800
testname801,testaddress801,testcity801,teststate801,13145,mastercard,123457589,8,2017,testname801
testname802,testaddress802,testcity802,teststate802,13146,visa,123457590,9,2017,testname802
testname803,testaddress803,testcity803,teststate803,13147,mastercard,123457591,10,2017,testname803
testname804,testaddress804,testcity804,teststate804,13148,visa,123457592,1,2017,testname804
testname805,testaddress805,testcity805,teststate805,13149,mastercard,123457593,2,2017,testname805
testname806,testaddress806,testcity806,teststate806,13150,visa,123457594,3,2017,testname806
testname807,testaddress807,testcity807,teststate807,13151,mastercard,123457595,4,2017,testname807
testname808,testaddress808,testcity808,teststate808,13152,visa,123457596,5,2017,testname808
testname809,testaddress809,testcity809,teststate809,13153,mastercard,123457597,6,2017,testname809
testname810,testaddress810,testcity810,teststate810,13154,visa,123457598,7,2017,testname810
testname811,testaddress811,testcity811,teststate811,13155,visa,123457599,11,2017,testname811
testname812,testaddress812,testcity812,teststate812,13156,mastercard,123457600,12,2017,testname812
testname813,testaddress813,testcity813,teststate813,13157,visa,123457601,1,2017,testname813
testname814,testaddress814,testcity814,teststate814,13158,mastercard,123457602,2,2017,testname814
testname815,testaddress815,testcity815,teststate815,13159,visa,123457603,3,2017,testname815
testname816,testaddress816,testcity816,teststate816,13160,mastercard,123457604,4,2017,testname816
testname817,testaddress817,testcity817,teststate817,13161,visa,123457605,5,2017,testname817
testname818,testaddress818,testcity818,teststate818,13162,mastercard,123457606,6,2017,testname818
testname819,testaddress819,testcity819,teststate819,13163,visa,123457607,7,2017,testname819
testname820,testaddress820,testcity820,teststate820,13164,mastercard,123457608,8,2017,testname820
testname821,testaddress821,testcity821,teststate821,13165,visa,123457609,9,2017,testname821
testname822,testaddress822,testcity822,teststate822,13166,mastercard,123457610,10,2017,testname822
testname823,testaddress823,testcity823,teststate823,13167,visa,123457611,1,2017,testname823
testname824,testaddress824,testcity824,teststate824,13168,mastercard,123457612,2,2017,testname824
testname825,testaddress825,testcity825,teststate825,13169,visa,123457613,3,2017,testname825
testname826,testaddress826,testcity826,teststate826,13170,mastercard,123457614,4,2017,testname826
testname827,testaddress827,testcity827,teststate827,13171,visa,123457615,5,2017,testname827
testname828,testaddress828,testcity828,teststate828,13172,mastercard,123457616,6,2017,testname828
testname829,testaddress829,testcity829,teststate829,13173,visa,123457617,7,2017,testname829
testname830,testaddress830,testcity830,teststate830,13174,mastercard,123457618,8,2017,testname830
testname831,testaddress831,testcity831,teststate831,13175,visa,123457619,9,2017,testname831
testname832,testaddress832,testcity832,teststate832,13176,mastercard,123457620,10,2017,testname832
testname833,testaddress833,testcity833,teststate833,13177,visa,123457621,1,2017,testname833
testname834,testaddress834,testcity834,teststate834,13178,mastercard,123457622,2,2017,testname834
testname835,testaddress835,testcity835,teststate835,13179,visa,123457623,3,2017,testname835
testname836,testaddress836,testcity836,teststate836,13180,mastercard,123457624,4,2017,testname836
testname837,testaddress837,testcity837,teststate837,13181,visa,123457625,5,2017,testname837
testname838,testaddress838,testcity838,teststate838,13182,visa,123457626,6,2017,testname838
testname839,testaddress839,testcity839,teststate839,13183,mastercard,123457627,7,2017,testname839
testname840,testaddress840,testcity840,teststate840,13184,visa,123457628,11,2017,testname840
testname841,testaddress841,testcity841,teststate841,13185,mastercard,123457629,12,2017,testname841
testname842,testaddress842,testcity842,teststate842,13186,visa,123457630,1,2017,testname842
testname843,testaddress843,testcity843,teststate843,13187,mastercard,123457631,2,2017,testname843
testname844,testaddress844,testcity844,teststate844,13188,visa,123457632,3,2017,testname844
testname845,testaddress845,testcity845,teststate845,13189,mastercard,123457633,4,2017,testname845
testname846,testaddress846,testcity846,teststate846,13190,visa,123457634,5,2017,testname846
testname847,testaddress847,testcity847,teststate847,13191,mastercard,123457635,6,2017,testname847
testname848,testaddress848,testcity848,teststate848,13192,visa,123457636,7,2017,testname848
testname849,testaddress849,testcity849,teststate849,13193,mastercard,123457637,8,2017,testname849
testname850,testaddress850,testcity850,teststate850,13194,visa,123457638,9,2017,testname850
testname851,testaddress851,testcity851,teststate851,13195,mastercard,123457639,10,2017,testname851
testname852,testaddress852,testcity852,teststate852,13196,visa,123457640,1,2017,testname852
testname853,testaddress853,testcity853,teststate853,13197,mastercard,123457641,2,2017,testname853
testname854,testaddress854,testcity854,teststate854,13198,visa,123457642,3,2017,testname854
testname855,testaddress855,testcity855,teststate855,13199,mastercard,123457643,4,2017,testname855
testname856,testaddress856,testcity856,teststate856,13200,visa,123457644,5,2017,testname856
testname857,testaddress857,testcity857,teststate857,13201,mastercard,123457645,6,2017,testname857
testname858,testaddress858,testcity858,teststate858,13202,visa,123457646,7,2017,testname858
testname859,testaddress859,testcity859,teststate859,13203,mastercard,123457647,8,2017,testname859
testname860,testaddress860,testcity860,teststate860,13204,visa,123457648,9,2017,testname860
testname861,testaddress861,testcity861,teststate861,13205,mastercard,123457649,10,2017,testname861
testname862,testaddress862,testcity862,teststate862,13206,visa,123457650,1,2017,testname862
testname863,testaddress863,testcity863,teststate863,13207,mastercard,123457651,2,2017,testname863
testname864,testaddress864,testcity864,teststate864,13208,visa,123457652,3,2017,testname864
testname865,testaddress865,testcity865,teststate865,13209,visa,123457653,4,2017,testname865
testname866,testaddress866,testcity866,teststate866,13210,mastercard,123457654,5,2017,testname866
testname867,testaddress867,testcity867,teststate867,13211,visa,123457655,6,2017,testname867
testname868,testaddress868,testcity868,teststate868,13212,mastercard,123457656,7,2017,testname868
testname869,testaddress869,testcity869,teststate869,13213,visa,123457657,11,2017,testname869
testname870,testaddress870,testcity870,teststate870,13214,mastercard,123457658,12,2017,testname870
testname871,testaddress871,testcity871,teststate871,13215,visa,123457659,1,2017,testname871
testname872,testaddress872,testcity872,teststate872,13216,mastercard,123457660,2,2017,testname872
testname873,testaddress873,testcity873,teststate873,13217,visa,123457661,3,2017,testname873
testname874,testaddress874,testcity874,teststate874,13218,mastercard,123457662,4,2017,testname874
testname875,testaddress875,testcity875,teststate875,13219,visa,123457663,5,2017,testname875
testname876,testaddress876,testcity876,teststate876,13220,mastercard,123457664,6,2017,testname876
testname877,testaddress877,testcity877,teststate877,13221,visa,123457665,7,2017,testname877
testname878,testaddress878,testcity878,teststate878,13222,mastercard,123457666,8,2017,testname878
testname879,testaddress879,testcity879,teststate879,13223,visa,123457667,9,2017,testname879
testname880,testaddress880,testcity880,teststate880,13224,mastercard,123457668,10,2017,testname880
testname881,testaddress881,testcity881,teststate881,13225,visa,123457669,1,2017,testname881
testname882,testaddress882,testcity882,teststate882,13226,mastercard,123457670,2,2017,testname882
testname883,testaddress883,testcity883,teststate883,13227,visa,123457671,3,2017,testname883
testname884,testaddress884,testcity884,teststate884,13228,mastercard,123457672,4,2017,testname884
testname885,testaddress885,testcity885,teststate885,13229,visa,123457673,5,2017,testname885
testname886,testaddress886,testcity886,teststate886,13230,mastercard,123457674,6,2017,testname886
testname887,testaddress887,testcity887,teststate887,13231,visa,123457675,7,2017,testname887
testname888,testaddress888,testcity888,teststate888,13232,mastercard,123457676,8,2017,testname888
testname889,testaddress889,testcity889,teststate889,13233,visa,123457677,9,2017,testname889
testname890,testaddress890,testcity890,teststate890,13234,mastercard,123457678,10,2017,testname890
testname891,testaddress891,testcity891,teststate891,13235,visa,123457679,1,2017,testname891
testname892,testaddress892,testcity892,teststate892,13236,visa,123457680,2,2017,testname892
testname893,testaddress893,testcity893,teststate893,13237,mastercard,123457681,3,2017,testname893
testname894,testaddress894,testcity894,teststate894,13238,visa,123457682,4,2017,testname894
testname895,testaddress895,testcity895,teststate895,13239,mastercard,123457683,5,2017,testname895
testname896,testaddress896,testcity896,teststate896,13240,visa,123457684,6,2017,testname896
testname897,testaddress897,testcity897,teststate897,13241,mastercard,123457685,7,2017,testname897
testname898,testaddress898,testcity898,teststate898,13242,visa,123457686,11,2017,testname898
testname899,testaddress899,testcity899,teststate899,13243,mastercard,123457687,12,2017,testname899
testname900,testaddress900,testcity900,teststate900,13244,visa,123457688,1,2017,testname900
testname901,testaddress901,testcity901,teststate901,13245,mastercard,123457689,2,2017,testname901
testname902,testaddress902,testcity902,teststate902,13246,visa,123457690,3,2017,testname902
testname903,testaddress903,testcity903,teststate903,13247,mastercard,123457691,4,2017,testname903
testname904,testaddress904,testcity904,teststate904,13248,visa,123457692,5,2017,testname904
testname905,testaddress905,testcity905,teststate905,13249,mastercard,123457693,6,2017,testname905
testname906,testaddress906,testcity906,teststate906,13250,visa,123457694,7,2017,testname906
testname907,testaddress907,testcity907,teststate907,13251,mastercard,123457695,8,2017,testname907
testname908,testaddress908,testcity908,teststate908,13252,visa,123457696,9,2017,testname908
testname909,testaddress909,testcity909,teststate909,13253,mastercard,123457697,10,2017,testname909
testname910,testaddress910,testcity910,teststate910,13254,visa,123457698,1,2017,testname910
testname911,testaddress911,testcity911,teststate911,13255,mastercard,123457699,2,2017,testname911
testname912,testaddress912,testcity912,teststate912,13256,visa,123457700,3,2017,testname912
testname913,testaddress913,testcity913,teststate913,13257,mastercard,123457701,4,2017,testname913
testname914,testaddress914,testcity914,teststate914,13258,visa,123457702,5,2017,testname914
testname915,testaddress915,testcity915,teststate915,13259,mastercard,123457703,6,2017,testname915
testname916,testaddress916,testcity916,teststate916,13260,visa,123457704,7,2017,testname916
testname917,testaddress917,testcity917,teststate917,13261,mastercard,123457705,8,2017,testname917
testname918,testaddress918,testcity918,teststate918,13262,visa,123457706,9,2017,testname918
testname919,testaddress919,testcity919,teststate919,13263,visa,123457707,10,2017,testname919
testname920,testaddress920,testcity920,teststate920,13264,mastercard,123457708,1,2017,testname920
testname921,testaddress921,testcity921,teststate921,13265,visa,123457709,2,2017,testname921
testname922,testaddress922,testcity922,teststate922,13266,mastercard,123457710,3,2017,testname922
testname923,testaddress923,testcity923,teststate923,13267,visa,123457711,4,2017,testname923
testname924,testaddress924,testcity924,teststate924,13268,mastercard,123457712,5,2017,testname924
testname925,testaddress925,testcity925,teststate925,13269,visa,123457713,6,2017,testname925
testname926,testaddress926,testcity926,teststate926,13270,mastercard,123457714,7,2017,testname926
testname927,testaddress927,testcity927,teststate927,13271,visa,123457715,11,2017,testname927
testname928,testaddress928,testcity928,teststate928,13272,mastercard,123457716,12,2017,testname928
testname929,testaddress929,testcity929,teststate929,13273,visa,123457717,1,2017,testname929
testname930,testaddress930,testcity930,teststate930,13274,mastercard,123457718,2,2017,testname930
testname931,testaddress931,testcity931,teststate931,13275,visa,123457719,3,2017,testname931
testname932,testaddress932,testcity932,teststate932,13276,mastercard,123457720,4,2017,testname932
testname933,testaddress933,testcity933,teststate933,13277,visa,123457721,5,2017,testname933
testname934,testaddress934,testcity934,teststate934,13278,mastercard,123457722,6,2017,testname934
testname935,testaddress935,testcity935,teststate935,13279,visa,123457723,7,2017,testname935
testname936,testaddress936,testcity936,teststate936,13280,mastercard,123457724,8,2017,testname936
testname937,testaddress937,testcity937,teststate937,13281,visa,123457725,9,2017,testname937
testname938,testaddress938,testcity938,teststate938,13282,mastercard,123457726,10,2017,testname938
testname939,testaddress939,testcity939,teststate939,13283,visa,123457727,1,2017,testname939
testname940,testaddress940,testcity940,teststate940,13284,mastercard,123457728,2,2017,testname940
testname941,testaddress941,testcity941,teststate941,13285,visa,123457729,3,2017,testname941
testname942,testaddress942,testcity942,teststate942,13286,mastercard,123457730,4,2017,testname942
testname943,testaddress943,testcity943,teststate943,13287,visa,123457731,5,2017,testname943
testname944,testaddress944,testcity944,teststate944,13288,mastercard,123457732,6,2017,testname944
testname945,testaddress945,testcity945,teststate945,13289,visa,123457733,7,2017,testname945
testname946,testaddress946,testcity946,teststate946,13290,visa,123457734,8,2017,testname946
testname947,testaddress947,testcity947,teststate947,13291,mastercard,123457735,9,2017,testname947
testname948,testaddress948,testcity948,teststate948,13292,visa,123457736,10,2017,testname948
testname949,testaddress949,testcity949,teststate949,13293,mastercard,123457737,1,2017,testname949
testname950,testaddress950,testcity950,teststate950,13294,visa,123457738,2,2017,testname950
testname951,testaddress951,testcity951,teststate951,13295,mastercard,123457739,3,2017,testname951
testname952,testaddress952,testcity952,teststate952,13296,visa,123457740,4,2017,testname952
testname953,testaddress953,testcity953,teststate953,13297,mastercard,123457741,5,2017,testname953
testname954,testaddress954,testcity954,teststate954,13298,visa,123457742,6,2017,testname954
testname955,testaddress955,testcity955,teststate955,13299,mastercard,123457743,7,2017,testname955
testname956,testaddress956,testcity956,teststate956,13300,visa,123457744,11,2017,testname956
testname957,testaddress957,testcity957,teststate957,13301,mastercard,123457745,12,2017,testname957
testname958,testaddress958,testcity958,teststate958,13302,visa,123457746,1,2017,testname958
testname959,testaddress959,testcity959,teststate959,13303,mastercard,123457747,2,2017,testname959
testname960,testaddress960,testcity960,teststate960,13304,visa,123457748,3,2017,testname960
testname961,testaddress961,testcity961,teststate961,13305,mastercard,123457749,4,2017,testname961
testname962,testaddress962,testcity962,teststate962,13306,visa,123457750,5,2017,testname962
testname963,testaddress963,testcity963,teststate963,13307,mastercard,123457751,6,2017,testname963
testname964,testaddress964,testcity964,teststate964,13308,visa,123457752,7,2017,testname964
testname965,testaddress965,testcity965,teststate965,13309,mastercard,123457753,8,2017,testname965
testname966,testaddress966,testcity966,teststate966,13310,visa,123457754,9,2017,testname966
testname967,testaddress967,testcity967,teststate967,13311,mastercard,123457755,10,2017,testname967
testname968,testaddress968,testcity968,teststate968,13312,visa,123457756,1,2017,testname968
testname969,testaddress969,testcity969,teststate969,13313,mastercard,123457757,2,2017,testname969
testname970,testaddress970,testcity970,teststate970,13314,visa,123457758,3,2017,testname970
testname971,testaddress971,testcity971,teststate971,13315,mastercard,123457759,4,2017,testname971
testname972,testaddress972,testcity972,teststate972,13316,visa,123457760,5,2017,testname972
testname973,testaddress973,testcity973,teststate973,13317,visa,123457761,6,2017,testname973
testname974,testaddress974,testcity974,teststate974,13318,mastercard,123457762,7,2017,testname974
testname975,testaddress975,testcity975,teststate975,13319,visa,123457763,8,2017,testname975
testname976,testaddress976,testcity976,teststate976,13320,mastercard,123457764,9,2017,testname976
testname977,testaddress977,testcity977,teststate977,13321,visa,123457765,10,2017,testname977
testname978,testaddress978,testcity978,teststate978,13322,mastercard,123457766,1,2017,testname978
testname979,testaddress979,testcity979,teststate979,13323,visa,123457767,2,2017,testname979
testname980,testaddress980,testcity980,teststate980,13324,mastercard,123457768,3,2017,testname980
testname981,testaddress981,testcity981,teststate981,13325,visa,123457769,4,2017,testname981
testname982,testaddress982,testcity982,teststate982,13326,mastercard,123457770,5,2017,testname982
testname983,testaddress983,testcity983,teststate983,13327,visa,123457771,6,2017,testname983
testname984,testaddress984,testcity984,teststate984,13328,mastercard,123457772,7,2017,testname984
testname985,testaddress985,testcity985,teststate985,13329,visa,123457773,11,2017,testname985
testname986,testaddress986,testcity986,teststate986,13330,mastercard,123457774,12,2017,testname986
testname987,testaddress987,testcity987,teststate987,13331,visa,123457775,1,2017,testname987
testname988,testaddress988,testcity988,teststate988,13332,mastercard,123457776,2,2017,testname988
testname989,testaddress989,testcity989,teststate989,13333,visa,123457777,3,2017,testname989
testname990,testaddress990,testcity990,teststate990,13334,mastercard,123457778,4,2017,testname990
testname991,testaddress991,testcity991,teststate991,13335,visa,123457779,5,2017,testname991
testname992,testaddress992,testcity992,teststate992,13336,mastercard,123457780,6,2017,testname992
testname993,testaddress993,testcity993,teststate993,13337,visa,123457781,7,2017,testname993
testname994,testaddress994,testcity994,teststate994,13338,mastercard,123457782,8,2017,testname994
testname995,testaddress995,testcity995,teststate995,13339,visa,123457783,9,2017,testname995
testname996,testaddress996,testcity996,teststate996,13340,mastercard,123457784,10,2017,testname996
testname997,testaddress997,testcity997,teststate997,13341,visa,123457785,1,2017,testname997
testname998,testaddress998,testcity998,teststate998,13342,mastercard,123457786,2,2017,testname998
testname999,testaddress999,testcity999,teststate999,13343,visa,123457787,3,2017,testname999
testname1000,testaddress1000,testcity1000,teststate1000,13344,visa,123457788,4,2017,testname1000
